{"name":"28ea41a7-fd54-4d2d-9f56-37665b749c7c","id":"/providers/Microsoft.Flow/flows/28ea41a7-fd54-4d2d-9f56-37665b749c7c","type":"Microsoft.Flow/flows","properties":{"apiId":"/providers/Microsoft.PowerApps/apis/shared_logicflows","displayName":"PowerAppsFlowDemo","definition":{"metadata":{"workflowEntityId":null,"processAdvisorMetadata":null,"flowclientsuspensionreason":"None","flowclientsuspensiontime":null,"flowclientsuspensionreasondetails":null,"creator":{"id":"dc42ebb8-3d89-4ce6-8724-262500997571","type":"User","tenantId":"fb5d712f-4313-452a-9311-ff1a097e727b"},"provisioningMethod":"FromDefinition","failureAlertSubscription":true,"clientLastModifiedTime":"2023-03-01T06:04:25.1065813Z"},"$schema":"https://schema.management.azure.com/providers/Microsoft.Logic/schemas/2016-06-01/workflowdefinition.json#","contentVersion":"1.0.0.0","parameters":{"$connections":{"defaultValue":{},"type":"Object"},"$authentication":{"defaultValue":{},"type":"SecureObject"}},"triggers":{"manual":{"metadata":{"operationMetadataId":"efe75ad0-2e61-47b2-97cd-deb945b3afb3"},"type":"Request","kind":"PowerApp","inputs":{"schema":{"type":"object","properties":{"Detectthelanguagebeingusedintext_Text":{"type":"string"},"Setvariable_Value":{"type":"string","description":"Enter variable value","x-ms-powerflows-param-ispartial":false}},"required":["Detectthelanguagebeingusedintext_Text","Setvariable_Value"]}}}},"actions":{"phraseDetect":{"runAfter":{},"metadata":{"operationMetadataId":"dd487636-3b05-4ade-98c6-5798ef40e763","flowSystemMetadata":{"portalOperationId":"aibuilderpredict_languagedetection","portalOperationGroup":"aibuilder","portalOperationApiDisplayNameOverride":"AI Builder","portalOperationIconOverride":"https://content.powerapps.com/resource/makerx/static/pauto/images/designeroperations/aiBuilderNew.51dbdb6b.png","portalOperationBrandColorOverride":"#0A76C4","portalOperationApiTierOverride":"Standard"}},"type":"OpenApiConnection","inputs":{"host":{"apiId":"/providers/Microsoft.PowerApps/apis/shared_commondataserviceforapps","connectionName":"shared_commondataserviceforapps","operationId":"aibuilderpredict_languagedetection"},"parameters":{"item/requestv2/text":"@triggerBody()['Detectthelanguagebeingusedintext_Text']","recordId":"17a6f893-5b0b-4867-8fac-fb2eda9080b2"},"authentication":"@parameters('$authentication')"}},"Apply_to_each":{"foreach":"@outputs('phraseDetect')?['body/responsev2/predictionOutput/results']","actions":{"Set_variable_2":{"runAfter":{},"metadata":{"operationMetadataId":"9777ddb7-2bb0-46b9-9820-1aab52996cb4"},"type":"SetVariable","inputs":{"name":"languageDetectedVar","value":"@items('Apply_to_each')?['language']"}}},"runAfter":{"Initialize_variable_2":["Succeeded"]},"metadata":{"operationMetadataId":"f7ca704f-613c-4a2b-b074-d50234834c85"},"type":"Foreach","runtimeConfiguration":{"concurrency":{"repetitions":1}}},"Initialize_variable":{"runAfter":{"phraseDetect":["Succeeded"]},"metadata":{"operationMetadataId":"31e33aee-e159-45a9-8d71-ca542e49a7f7"},"type":"InitializeVariable","inputs":{"variables":[{"name":"sendResultToPowerApps","type":"string"}]}},"Set_variable":{"runAfter":{"Apply_to_each":["Succeeded"]},"metadata":{"operationMetadataId":"8301165f-cf46-4ace-bfb4-2894660c310b"},"type":"SetVariable","inputs":{"name":"sendResultToPowerApps","value":"@variables('languageDetectedVar')"}},"Respond_to_a_PowerApp_or_flow":{"runAfter":{"Set_variable":["Succeeded"]},"metadata":{"operationMetadataId":"1d7a37c6-c5f4-463d-8e5d-1ce0dace6f1d"},"type":"Response","kind":"PowerApp","inputs":{"statusCode":200,"body":{"response":"@variables('sendResultToPowerApps')"},"schema":{"type":"object","properties":{"response":{"title":"Response","x-ms-dynamically-added":true,"type":"string"}}}}},"Initialize_variable_2":{"runAfter":{"Initialize_variable":["Succeeded"]},"metadata":{"operationMetadataId":"1b11876f-33db-4103-b311-6494f1bf4692"},"type":"InitializeVariable","inputs":{"variables":[{"name":"languageDetectedVar","type":"string"}]}}}},"connectionReferences":{"shared_commondataserviceforapps":{"connectionName":"shared-commondataser-2d6d8f87-013c-4d52-be8e-e4180da779f0","source":"Embedded","id":"/providers/Microsoft.PowerApps/apis/shared_commondataserviceforapps","tier":"NotSpecified"}},"flowFailureAlertSubscribed":false,"isManaged":false}}